id,country,subcountry
30,Afghanistan,Badakhshan
27,Afghanistan,Badghis
21,Afghanistan,Balkh
33,Afghanistan,Bāmīān
31,Afghanistan,Farah
19,Afghanistan,Faryab
28,Afghanistan,Ghaznī
13,Afghanistan,Ghowr
22,Afghanistan,Helmand
11,Afghanistan,Herat
12,Afghanistan,Jowzjān
18,Afghanistan,Kabul
24,Afghanistan,Kandahār
23,Afghanistan,Khowst
34,Afghanistan,Konar
16,Afghanistan,Kunduz
20,Afghanistan,Laghmān
32,Afghanistan,Lowgar
25,Afghanistan,Nangarhār
9,Afghanistan,Nīmrūz
29,Afghanistan,Paktia
35,Afghanistan,Panjshir
26,Afghanistan,Parvān
15,Afghanistan,Samangān
14,Afghanistan,Sar-e Pol
10,Afghanistan,Takhār
17,Afghanistan,Wilāyat-e Baghlān
118,Aland Islands,Mariehamns stad
48,Albania,Berat
43,Albania,Dibër
49,Albania,Durrës
42,Albania,Elbasan
46,Albania,Fier
41,Albania,Gjirokastër
40,Albania,Korçë
39,Albania,Kukës
47,Albania,Lezhë
45,Albania,Shkodër
44,Albania,Tiranë
38,Albania,Vlorë
589,Algeria,Adrar
608,Algeria,Alger
623,Algeria,Annaba
592,Algeria,Aïn Defla
620,Algeria,Aïn Temouchent
595,Algeria,Batna
590,Algeria,Bejaïa
581,Algeria,Biskra
599,Algeria,Blida
610,Algeria,Bordj Bou Arréridj
598,Algeria,Bouira
580,Algeria,Boumerdes
625,Algeria,Béchar
604,Algeria,Chlef
621,Algeria,Constantine
614,Algeria,Djelfa
624,Algeria,El Bayadh
609,Algeria,El Oued
622,Algeria,El Tarf
613,Algeria,Ghardaïa
619,Algeria,Guelma
618,Algeria,Jijel
617,Algeria,Khenchela
616,Algeria,Laghouat
601,Algeria,Mascara
593,Algeria,Mila
612,Algeria,Mostaganem
615,Algeria,Médéa
605,Algeria,Mʼsila
626,Algeria,Naama النعامة
602,Algeria,Oran
584,Algeria,Ouargla
611,Algeria,Oum el Bouaghi
583,Algeria,Relizane
607,Algeria,Saïda
603,Algeria,Sidi Bel Abbès
597,Algeria,Skikda
600,Algeria,Souk Ahras
606,Algeria,Sétif
596,Algeria,Tamanghasset
591,Algeria,Tiaret
588,Algeria,Tindouf
582,Algeria,Tipaza
587,Algeria,Tissemsilt
586,Algeria,Tizi Ouzou
585,Algeria,Tlemcen
594,Algeria,Tébessa
100,American Samoa,Eastern District
1,Andorra,Andorra la Vella
0,Andorra,Escaldes-Engordany
67,Angola,Bengo
74,Angola,Benguela
75,Angola,Bié
68,Angola,Cabinda
71,Angola,Cuando Cubango
64,Angola,Cuanza Norte
69,Angola,Cuanza Sul
73,Angola,Huambo
72,Angola,Huíla
66,Angola,Luanda
60,Angola,Lunda Norte
59,Angola,Lunda Sul
65,Angola,Malanje
61,Angola,Moxico
70,Angola,Namibe
62,Angola,Uíge
63,Angola,Zaire
37,Anguilla,N/A
36,Antigua and Barbuda,Saint John
76,Argentina,Buenos Aires
78,Argentina,Buenos Aires F.D.
97,Argentina,Catamarca
82,Argentina,Chaco
90,Argentina,Chubut
88,Argentina,Cordoba
81,Argentina,Corrientes
79,Argentina,Entre Rios
83,Argentina,Formosa
94,Argentina,Jujuy
93,Argentina,La Pampa
99,Argentina,La Rioja
95,Argentina,Mendoza
80,Argentina,Misiones
84,Argentina,Neuquen
86,Argentina,Rio Negro
92,Argentina,Salta
87,Argentina,San Juan
96,Argentina,San Luis
98,Argentina,Santa Cruz
77,Argentina,Santa Fe
91,Argentina,Santiago del Estero
89,Argentina,Tierra del Fuego
85,Argentina,Tucumán
58,Armenia,Aragatsotn Province
51,Armenia,Ararat Province
53,Armenia,Armavir Province
55,Armenia,Gegharkunik Province
56,Armenia,Kotayk Province
54,Armenia,Lori Province
57,Armenia,Shirak Province
50,Armenia,Syunik Province
52,Armenia,Yerevan
117,Aruba,N/A
116,Australia,Australian Capital Territory
114,Australia,New South Wales
112,Australia,Northern Territory
111,Australia,Queensland
109,Australia,South Australia
115,Australia,Tasmania
113,Australia,Victoria
110,Australia,Western Australia
101,Austria,Carinthia
102,Austria,Lower Austria
105,Austria,Salzburg
107,Austria,Styria
108,Austria,Tyrol
104,Austria,Upper Austria
103,Austria,Vienna
106,Austria,Vorarlberg
152,Azerbaijan,Abşeron
131,Azerbaijan,Astara
159,Azerbaijan,Ağcabǝdi
133,Azerbaijan,Ağdam
158,Azerbaijan,Ağdaş
157,Azerbaijan,Ağsu
135,Azerbaijan,Baki
130,Azerbaijan,Beyləqan
129,Azerbaijan,Bilǝsuvar
156,Azerbaijan,Bǝrdǝ
127,Azerbaijan,Füzuli
137,Azerbaijan,Goygol Rayon
153,Azerbaijan,Göyçay
154,Azerbaijan,Gǝncǝ
148,Azerbaijan,Hacıqabul
128,Azerbaijan,Jalilabad
151,Azerbaijan,Kürdǝmir
125,Azerbaijan,Lənkəran
150,Azerbaijan,Mingǝcevir
124,Azerbaijan,Nakhichevan
123,Azerbaijan,Neftçala
149,Azerbaijan,Qazax
147,Azerbaijan,Quba
146,Azerbaijan,Qusar
120,Azerbaijan,Saatlı
145,Azerbaijan,Sabirabad
122,Azerbaijan,Salyan
155,Azerbaijan,Shabran
144,Azerbaijan,Shaki City
132,Azerbaijan,Shirvan
141,Azerbaijan,Sumqayit
140,Azerbaijan,Tǝrtǝr
139,Azerbaijan,Ucar
119,Azerbaijan,Xankǝndi
138,Azerbaijan,Xaçmaz
136,Azerbaijan,Yevlax City
134,Azerbaijan,Zaqatala
126,Azerbaijan,İmişli
143,Azerbaijan,Şamaxı
121,Azerbaijan,Şuşa
142,Azerbaijan,Şǝmkir
284,Bahamas,Freeport
283,Bahamas,New Providence
217,Bahrain,Central Governorate
215,Bahrain,Manama
218,Bahrain,Muharraq
216,Bahrain,Southern Governorate
170,Bangladesh,Barisāl
165,Bangladesh,Chittagong
166,Bangladesh,Dhaka
169,Bangladesh,Khulna
164,Bangladesh,Rangpur Division
168,Bangladesh,Rājshāhi
167,Bangladesh,Sylhet
163,Barbados,Saint Michael
300,Belarus,Brest
297,Belarus,Gomel
299,Belarus,Grodnenskaya
296,Belarus,Minsk
302,Belarus,Minsk City
301,Belarus,Mogilev
298,Belarus,Vitebsk
173,Belgium,Brussels Capital
171,Belgium,Flanders
172,Belgium,Wallonia
305,Belize,Belize
303,Belize,Cayo
304,Belize,Orange Walk
236,Benin,Alibori
230,Benin,Atakora
234,Benin,Atlantique
229,Benin,Borgou
231,Benin,Collines
238,Benin,Donga
237,Benin,Kouffo
240,Benin,Littoral
235,Benin,Mono
232,Benin,Plateau
233,Benin,Quémé
239,Benin,Zou
242,Bermuda,Hamilton city
288,Bhutan,Chirang
287,Bhutan,Chukha District
286,Bhutan,Punakha
285,Bhutan,Thimphu
250,Bolivia,Chuquisaca
251,Bolivia,Cochabamba
249,Bolivia,El Beni
253,Bolivia,La Paz
252,Bolivia,Oruro
254,Bolivia,Pando
248,Bolivia,Potosí
247,Bolivia,Santa Cruz
246,Bolivia,Tarija
255,"Bonaire, Saint Eustatius and Saba",Bonaire
162,Bosnia and Herzegovina,Brčko
160,Bosnia and Herzegovina,Federation of Bosnia and Herzegovina
161,Bosnia and Herzegovina,Republika Srpska
289,Botswana,Central
293,Botswana,Kgatleng
290,Botswana,Kweneng
295,Botswana,North East
294,Botswana,North West
291,Botswana,South East
292,Botswana,Southern
280,Brazil,Acre
261,Brazil,Alagoas
264,Brazil,Amapá
266,Brazil,Amazonas
265,Brazil,Bahia
260,Brazil,Ceará
271,Brazil,Espírito Santo
279,Brazil,Federal District
276,Brazil,Goiás
256,Brazil,Maranhão
275,Brazil,Mato Grosso
277,Brazil,Mato Grosso do Sul
272,Brazil,Minas Gerais
274,Brazil,Paraná
259,Brazil,Paraíba
258,Brazil,Pará
257,Brazil,Pernambuco
262,Brazil,Piauí
263,Brazil,Rio Grande do Norte
273,Brazil,Rio Grande do Sul
270,Brazil,Rio de Janeiro
281,Brazil,Rondônia
282,Brazil,Roraima
268,Brazil,Santa Catarina
278,Brazil,Sergipe
269,Brazil,São Paulo
267,Brazil,Tocantins
2559,British Virgin Islands,N/A
244,Brunei,Belait
245,Brunei,Brunei and Muara
243,Brunei,Tutong
205,Bulgaria,Blagoevgrad
214,Bulgaria,Burgas
195,Bulgaria,Dobrich
204,Bulgaria,Gabrovo
196,Bulgaria,Khaskovo
198,Bulgaria,Kyustendil
213,Bulgaria,Kŭrdzhali
194,Bulgaria,Lovech
212,Bulgaria,Montana
190,Bulgaria,Pazardzhik
211,Bulgaria,Pernik
210,Bulgaria,Pleven
209,Bulgaria,Plovdiv
208,Bulgaria,Razgrad
207,Bulgaria,Ruse
203,Bulgaria,Shumen
202,Bulgaria,Silistra
201,Bulgaria,Sliven
200,Bulgaria,Smolyan
199,Bulgaria,Sofia-Capital
206,Bulgaria,Sofiya
197,Bulgaria,Stara Zagora
193,Bulgaria,Tŭrgovishte
192,Bulgaria,Varna
191,Bulgaria,Veliko Tŭrnovo
189,Bulgaria,Vidin
188,Bulgaria,Vratsa
187,Bulgaria,Yambol
176,Burkina Faso,Boucle du Mouhoun
185,Burkina Faso,Cascades
180,Burkina Faso,Centre
177,Burkina Faso,Centre-Est
181,Burkina Faso,Centre-Nord
178,Burkina Faso,Centre-Ouest
179,Burkina Faso,Centre-Sud
183,Burkina Faso,Est
182,Burkina Faso,High-Basins
175,Burkina Faso,Nord
174,Burkina Faso,Plateau-Central
184,Burkina Faso,Sahel
186,Burkina Faso,Southwest
221,Burundi,Bujumbura Mairie
220,Burundi,Bururi
223,Burundi,Gitega
226,Burundi,Kayanza
219,Burundi,Makamba
222,Burundi,Muramvya
227,Burundi,Muyinga
225,Burundi,Ngozi
228,Burundi,Rutana
224,Burundi,Ruyigi
1194,Cambodia,Banteay Meanchey
1210,Cambodia,Battambang
1209,Cambodia,Kampong Cham
1208,Cambodia,Kampong Chhnang
1206,Cambodia,Kampong Speu
1205,Cambodia,Kampong Thom
1204,Cambodia,Kampot
1190,Cambodia,Kandal
1202,Cambodia,Koh Kong
1203,Cambodia,Kratie
1200,Cambodia,Pailin
1189,Cambodia,Phnom Penh
1207,Cambodia,Preah Sihanouk
1199,Cambodia,Preah Vihear
1196,Cambodia,Prey Veng
1197,Cambodia,Pursat
1201,Cambodia,Ratanakiri
1195,Cambodia,Siem Reap
1193,Cambodia,Stung Treng
1192,Cambodia,Svay Rieng
1191,Cambodia,Takeo
1198,Cambodia,Ŏtâr Méanchey
411,Cameroon,Adamaoua
406,Cameroon,Centre
415,Cameroon,East
407,Cameroon,Far North
414,Cameroon,Littoral
412,Cameroon,North Province
408,Cameroon,North-West Province
413,Cameroon,South Province
410,Cameroon,South-West Province
409,Cameroon,West
307,Canada,Alberta
306,Canada,British Columbia
310,Canada,Manitoba
314,Canada,New Brunswick
312,Canada,Newfoundland and Labrador
317,Canada,Northwest Territories
313,Canada,Nova Scotia
308,Canada,Ontario
311,Canada,Prince Edward Island
309,Canada,Quebec
315,Canada,Saskatchewan
316,Canada,Yukon
501,Cape Verde,Praia
500,Cape Verde,Sal
503,Cape Verde,Santa Catarina do Fogo
502,Cape Verde,São Vicente
1249,Cayman Islands,George Town
343,Central African Republic,Bangui
330,Central African Republic,Basse-Kotto
332,Central African Republic,Haute-Kotto
334,Central African Republic,Kémo
337,Central African Republic,Lobaye
340,Central African Republic,Mambéré-Kadéï
333,Central African Republic,Mbomou
338,Central African Republic,Nana-Grébizi
341,Central African Republic,Nana-Mambéré
339,Central African Republic,Ombella-Mpoko
331,Central African Republic,Ouaka
342,Central African Republic,Ouham
335,Central African Republic,Ouham-Pendé
336,Central African Republic,Sangha-Mbaéré
2160,Chad,Barh el Gazel
2158,Chad,Batha
2159,Chad,Chari-Baguirmi
2153,Chad,Ennedi-Ouest
2162,Chad,Guéra
2163,Chad,Hadjer-Lamis
2164,Chad,Kanem
2161,Chad,Logone Occidental
2167,Chad,Logone Oriental
2166,Chad,Mandoul
2168,Chad,Mayo-Kebbi Est
2157,Chad,Mayo-Kebbi Ouest
2156,Chad,Moyen-Chari
2155,Chad,Ouaddaï
2154,Chad,Salamat
2165,Chad,Tandjilé
402,Chile,Aisén
396,Chile,Antofagasta
392,Chile,Araucanía
405,Chile,Arica y Parinacota
393,Chile,Atacama
395,Chile,Biobío
403,Chile,Coquimbo
401,Chile,Los Lagos
394,Chile,Los Ríos
400,Chile,Magallanes
397,Chile,Maule
399,Chile,O'Higgins
398,Chile,Santiago Metropolitan
404,Chile,Tarapacá
391,Chile,Valparaíso
437,China,Anhui Sheng
444,China,Beijing
436,China,Chongqing Shi
432,China,Fujian
417,China,Gansu Sheng
430,China,Guangdong
435,China,Guangxi Zhuangzu Zizhiqu
419,China,Guizhou Sheng
441,China,Hainan
431,China,Hebei
446,China,Heilongjiang Sheng
423,China,Henan Sheng
429,China,Hubei
422,China,Hunan
443,China,Inner Mongolia
427,China,Jiangsu
439,China,Jiangxi Sheng
445,China,Jilin Sheng
426,China,Liaoning
438,China,Ningxia Huizu Zizhiqu
442,China,Qinghai Sheng
433,China,Shaanxi
420,China,Shandong Sheng
424,China,Shanghai Shi
434,China,Shanxi Sheng
421,China,Sichuan
440,China,Tianjin Shi
416,China,Tibet Autonomous Region
418,China,Xinjiang Uygur Zizhiqu
428,China,Yunnan
425,China,Zhejiang Sheng
505,Christmas Island,N/A
318,Cocos Islands,N/A
473,Colombia,Amazonas
449,Colombia,Antioquia
461,Colombia,Arauca
467,Colombia,"Archipiélago de San Andrés, Providencia y Santa Catalina"
462,Colombia,Atlántico
475,Colombia,Bogota D.C.
456,Colombia,Bolívar
458,Colombia,Boyacá
451,Colombia,Caldas
474,Colombia,Caquetá
450,Colombia,Casanare
465,Colombia,Cauca
455,Colombia,Cesar
469,Colombia,Chocó
447,Colombia,Cundinamarca
460,Colombia,Córdoba
476,Colombia,Guaviare
471,Colombia,Huila
454,Colombia,La Guajira
466,Colombia,Magdalena
452,Colombia,Meta
457,Colombia,Nariño
453,Colombia,Norte de Santander
470,Colombia,Putumayo
468,Colombia,Quindío
464,Colombia,Risaralda
463,Colombia,Santander
459,Colombia,Sucre
472,Colombia,Tolima
448,Colombia,Valle del Cauca
1212,Comoros,Anjouan
1213,Comoros,Grande Comore
390,Cook Islands,N/A
480,Costa Rica,Alajuela
477,Costa Rica,Cartago
483,Costa Rica,Guanacaste
481,Costa Rica,Heredia
479,Costa Rica,Limón
482,Costa Rica,Puntarenas
478,Costa Rica,San José
892,Croatia,Bjelovarsko-Bilogorska
881,Croatia,Brodsko-Posavska
890,Croatia,Dubrovačko-Neretvanska
875,Croatia,Grad Zagreb
886,Croatia,Istarska
889,Croatia,Karlovačka
888,Croatia,Koprivničko-Križevačka
891,Croatia,Međimurska
887,Croatia,Osječko-Baranjska
882,Croatia,Požeško-Slavonska
885,Croatia,Primorsko-Goranska
883,Croatia,Sisačko-Moslavačka
880,Croatia,Splitsko-Dalmatinska
879,Croatia,Varaždinska
878,Croatia,Virovitičk-Podravska
877,Croatia,Vukovarsko-Srijemska
876,Croatia,Zadarska
874,Croatia,Zagrebačka
884,Croatia,Šibensko-Kniniska
495,Cuba,Artemisa
487,Cuba,Camagüey
488,Cuba,Ciego de Ávila
496,Cuba,Cienfuegos
484,Cuba,Granma
497,Cuba,Guantánamo
490,Cuba,Holguín
499,Cuba,Isla de la Juventud
492,Cuba,La Habana
498,Cuba,Las Tunas
489,Cuba,Matanzas
494,Cuba,Mayabeque
486,Cuba,Pinar del Río
485,Cuba,Sancti Spíritus
493,Cuba,Santiago de Cuba
491,Cuba,Villa Clara
504,Curacao,N/A
506,Cyprus,Ammochostos
511,Cyprus,Keryneia
510,Cyprus,Larnaka
508,Cyprus,Lefkosia
509,Cyprus,Limassol
507,Cyprus,Pafos
522,Czech Republic,Central Bohemia
519,Czech Republic,Jihočeský
521,Czech Republic,Karlovarský
512,Czech Republic,Královéhradecký
525,Czech Republic,Liberecký
518,Czech Republic,Moravskoslezský
520,Czech Republic,Olomoucký
517,Czech Republic,Pardubický
524,Czech Republic,Plzeňský
523,Czech Republic,Praha
513,Czech Republic,South Moravian
515,Czech Republic,Vysočina
514,Czech Republic,Zlín
516,Czech Republic,Ústecký
328,Democratic Republic of the Congo,Bandundu
327,Democratic Republic of the Congo,Bas-Congo
319,Democratic Republic of the Congo,Eastern Province
321,Democratic Republic of the Congo,Kasaï-Occidental
323,Democratic Republic of the Congo,Kasaï-Oriental
325,Democratic Republic of the Congo,Katanga
329,Democratic Republic of the Congo,Kinshasa
326,Democratic Republic of the Congo,Maniema
322,Democratic Republic of the Congo,Nord Kivu
320,Democratic Republic of the Congo,South Kivu
324,Democratic Republic of the Congo,Équateur
548,Denmark,Capital Region
546,Denmark,Central Jutland
550,Denmark,North Denmark
547,Denmark,South Denmark
549,Denmark,Zealand
545,Djibouti,Ali Sabieh
544,Djibouti,Djibouti
543,Djibouti,Obock
542,Djibouti,Tadjourah
551,Dominica,Saint George
579,Dominican Republic,Azua
567,Dominican Republic,Baoruco
556,Dominican Republic,Barahona
574,Dominican Republic,Dajabón
560,Dominican Republic,Duarte
555,Dominican Republic,El Seíbo
569,Dominican Republic,Espaillat
573,Dominican Republic,Hato Mayor
564,Dominican Republic,Hermanas Mirabal
563,Dominican Republic,La Altagracia
571,Dominican Republic,La Romana
572,Dominican Republic,La Vega
568,Dominican Republic,María Trinidad Sánchez
576,Dominican Republic,Monseñor Nouel
561,Dominican Republic,Monte Cristi
566,Dominican Republic,Monte Plata
552,Dominican Republic,Nacional
578,Dominican Republic,Peravia
562,Dominican Republic,Puerto Plata
554,Dominican Republic,San Cristóbal
559,Dominican Republic,San José de Ocoa
558,Dominican Republic,San Juan
557,Dominican Republic,San Pedro de Macorís
553,Dominican Republic,Santiago
565,Dominican Republic,Santiago Rodríguez
577,Dominican Republic,Santo Domingo
575,Dominican Republic,Sánchez Ramírez
570,Dominican Republic,Valverde
2260,East Timor,Aileu
2259,East Timor,Baucau
2257,East Timor,Bobonaro
2255,East Timor,Cova Lima
2258,East Timor,Díli
2262,East Timor,Lautém
2256,East Timor,Liquiçá
2261,East Timor,Manufahi
649,Ecuador,Azuay
648,Ecuador,Bolívar
630,Ecuador,Carchi
646,Ecuador,Cañar
637,Ecuador,Chimborazo
640,Ecuador,Cotopaxi
634,Ecuador,El Oro
636,Ecuador,Esmeraldas
628,Ecuador,Guayas
643,Ecuador,Imbabura
645,Ecuador,Loja
629,Ecuador,Los Ríos
632,Ecuador,Manabí
644,Ecuador,Morona-Santiago
631,Ecuador,Napo
641,Ecuador,Orellana
639,Ecuador,Pastaza
638,Ecuador,Pichincha
635,Ecuador,Santa Elena
633,Ecuador,Santo Domingo de los Tsáchilas
647,Ecuador,Sucumbios
642,Ecuador,Tungurahua
627,Ecuador,Zamora-Chinchipe
665,Egypt,Al Buḩayrah
676,Egypt,Al Ismā‘īlīyah
671,Egypt,Al Jīzah
664,Egypt,Al Minyā
680,Egypt,Alexandria
677,Egypt,As Suways
672,Egypt,Aswān
670,Egypt,Asyūţ
673,Egypt,Cairo Governorate
674,Egypt,Dumyāţ
668,Egypt,Eastern Province
663,Egypt,Kafr ash Shaykh
678,Egypt,Luxor
662,Egypt,Muḩāfaz̧at Banī Suwayf
675,Egypt,Muḩāfaz̧at Būr Sa‘īd
669,Egypt,Muḩāfaz̧at Maţrūḩ
659,Egypt,Muḩāfaz̧at ad Daqahlīyah
658,Egypt,Muḩāfaz̧at al Fayyūm
656,Egypt,Muḩāfaz̧at al Gharbīyah
660,Egypt,Muḩāfaz̧at al Minūfīyah
657,Egypt,Muḩāfaz̧at al Qalyūbīyah
679,Egypt,Muḩāfaz̧at al Wādī al Jadīd
667,Egypt,Qinā
666,Egypt,Red Sea
681,Egypt,Shamāl Sīnāʼ
661,Egypt,Sūhāj
2134,El Salvador,Ahuachapán
2125,El Salvador,Cabañas
2133,El Salvador,Chalatenango
2129,El Salvador,Cuscatlán
2131,El Salvador,La Libertad
2121,El Salvador,La Paz
2132,El Salvador,La Unión
2130,El Salvador,Morazán
2128,El Salvador,San Miguel
2123,El Salvador,San Salvador
2126,El Salvador,San Vicente
2127,El Salvador,Santa Ana
2124,El Salvador,Sonsonate
2122,El Salvador,Usulután
806,Equatorial Guinea,Bioko Norte
805,Equatorial Guinea,Kié-Ntem
807,Equatorial Guinea,Litoral
688,Eritrea,Debub
687,Eritrea,Debubawī Kʼeyih Bahrī
685,Eritrea,Gash Barka
686,Eritrea,Maʼākel
683,Eritrea,Northern Red Sea Region
684,Eritrea,Ānseba
652,Estonia,Harjumaa
653,Estonia,Ida-Virumaa
654,Estonia,Lääne-Virumaa
655,Estonia,Pärnumaa
651,Estonia,Tartu
650,Estonia,Viljandimaa
710,Ethiopia,Amhara
717,Ethiopia,Bīnshangul Gumuz
716,Ethiopia,Dire Dawa
714,Ethiopia,Gambela
713,Ethiopia,Harari
708,Ethiopia,Oromiya
712,Ethiopia,Somali
709,Ethiopia,"Southern Nations, Nationalities, and People's Region"
711,Ethiopia,Tigray
718,Ethiopia,Ādīs Ābeba
715,Ethiopia,Āfar
740,Falkland Islands,N/A
742,Faroe Islands,Streymoy
737,Fiji,Central
739,Fiji,Northern
738,Fiji,Western
730,Finland,Central Finland
734,Finland,Central Ostrobothnia
727,Finland,Häme
735,Finland,Kainuu
733,Finland,Kymenlaakso
724,Finland,Lapland
736,Finland,North Karelia
729,Finland,Northern Ostrobothnia
721,Finland,Northern Savo
722,Finland,Ostrobothnia
719,Finland,Pirkanmaa
732,Finland,Päijänne Tavastia
728,Finland,Satakunta
731,Finland,South Karelia
725,Finland,Southern Ostrobothnia
726,Finland,Southern Savonia
723,Finland,Southwest Finland
720,Finland,Uusimaa
744,France,Alsace-Champagne-Ardenne-Lorraine
749,France,Aquitaine-Limousin-Poitou-Charentes
746,France,Auvergne-Rhône-Alpes
751,France,Bourgogne-Franche-Comté
748,France,Brittany
750,France,Centre
755,France,Corsica
754,France,Languedoc-Roussillon-Midi-Pyrénées
745,France,Nord-Pas-de-Calais-Picardie
753,France,Normandy
752,France,Pays de la Loire
747,France,Provence-Alpes-Côte d'Azur
743,France,Île-de-France
779,French Guiana,Guyane
1752,French Polynesia,Îles du Vent
2169,French Southern Territories,Kerguelen
761,Gabon,Estuaire
760,Gabon,Haut-Ogooué
762,Gabon,Moyen-Ogooué
759,Gabon,Ngounié
756,Gabon,Nyanga
763,Gabon,Ogooué-Lolo
757,Gabon,Ogooué-Maritime
758,Gabon,Woleu-Ntem
795,Gambia,Banjul
794,Gambia,North Bank
793,Gambia,Western
772,Georgia,Abkhazia
777,Georgia,Ajaria
776,Georgia,Guria
770,Georgia,Imereti
773,Georgia,Kakheti
775,Georgia,Kvemo Kartli
769,Georgia,Samegrelo and Zemo Svaneti
778,Georgia,Samtskhe-Javakheti
771,Georgia,Shida Kartli
774,Georgia,T'bilisi
537,Germany,Baden-Württemberg
530,Germany,Bavaria
532,Germany,Berlin
529,Germany,Brandenburg
541,Germany,Bremen
536,Germany,Hamburg
534,Germany,Hesse
533,Germany,Lower Saxony
535,Germany,Mecklenburg-Vorpommern
528,Germany,North Rhine-Westphalia
527,Germany,Rheinland-Pfalz
540,Germany,Saarland
526,Germany,Saxony
531,Germany,Saxony-Anhalt
539,Germany,Schleswig-Holstein
538,Germany,Thuringia
787,Ghana,Ashanti
783,Ghana,Brong-Ahafo
782,Ghana,Central
788,Ghana,Eastern
785,Ghana,Greater Accra
781,Ghana,Northern
789,Ghana,Upper East
784,Ghana,Upper West
790,Ghana,Volta
786,Ghana,Western
791,Gibraltar,N/A
808,Greece,Attica
811,Greece,Central Greece
817,Greece,Central Macedonia
812,Greece,Crete
818,Greece,East Macedonia and Thrace
813,Greece,Epirus
820,Greece,Ionian Islands
815,Greece,North Aegean
810,Greece,Peloponnese
816,Greece,South Aegean
809,Greece,Thessaly
814,Greece,West Greece
819,Greece,West Macedonia
792,Greenland,Sermersooq
768,Grenada,Saint George
804,Guadeloupe,Guadeloupe
847,Guam,Dededo
846,Guam,Hagatna
848,Guam,Mangilao
844,Guam,Tamuning
845,Guam,Yigo
832,Guatemala,Alta Verapaz
835,Guatemala,Baja Verapaz
825,Guatemala,Chimaltenango
842,Guatemala,Chiquimula
834,Guatemala,El Progreso
828,Guatemala,Escuintla
823,Guatemala,Guatemala
841,Guatemala,Huehuetenango
838,Guatemala,Izabal
840,Guatemala,Jalapa
839,Guatemala,Jutiapa
833,Guatemala,Petén
837,Guatemala,Quetzaltenango
829,Guatemala,Quiché
836,Guatemala,Retalhuleu
826,Guatemala,Sacatepéquez
830,Guatemala,San Marcos
843,Guatemala,Santa Rosa
827,Guatemala,Sololá
831,Guatemala,Suchitepeque
824,Guatemala,Totonicapán
822,Guatemala,Zacapa
780,Guernsey,St Peter Port
850,Guinea-Bissau,Bafatá
849,Guinea-Bissau,Bissau
802,Guinea,Boke
803,Guinea,Conakry
801,Guinea,Faranah
798,Guinea,Kankan
797,Guinea,Kindia
796,Guinea,Labe
799,Guinea,Mamou
800,Guinea,Nzerekore
853,Guyana,Demerara-Mahaica
851,Guyana,East Berbice-Corentyne
852,Guyana,Upper Demerara-Berbice
893,Haiti,Artibonite
900,Haiti,Centre
898,Haiti,GrandʼAnse
897,Haiti,Nippes
895,Haiti,Nord
896,Haiti,Nord-Ouest
894,Haiti,Ouest
901,Haiti,Sud
899,Haiti,Sud-Est
864,Honduras,Atlántida
873,Honduras,Choluteca
863,Honduras,Colón
866,Honduras,Comayagua
867,Honduras,Copán
861,Honduras,Cortés
872,Honduras,El Paraíso
865,Honduras,Francisco Morazán
870,Honduras,La Paz
871,Honduras,Olancho
868,Honduras,Santa Bárbara
869,Honduras,Valle
862,Honduras,Yoro
860,Hong Kong,Central and Western
859,Hong Kong,Kowloon City
858,Hong Kong,Sha Tin
857,Hong Kong,Tai Po
854,Hong Kong,Tsuen Wan
856,Hong Kong,Tuen Mun
855,Hong Kong,Yuen Long
919,Hungary,Baranya
905,Hungary,Bekes
903,Hungary,Borsod-Abaúj-Zemplén
921,Hungary,Budapest
920,Hungary,Bács-Kiskun
904,Hungary,Csongrád
915,Hungary,Fejér
916,Hungary,Győr-Moson-Sopron
906,Hungary,Hajdú-Bihar
908,Hungary,Heves
902,Hungary,Jász-Nagykun-Szolnok
912,Hungary,Komárom-Esztergom
918,Hungary,Nógrád
909,Hungary,Pest
917,Hungary,Somogy
907,Hungary,Szabolcs-Szatmár-Bereg
914,Hungary,Tolna
913,Hungary,Vas
911,Hungary,Veszprém
910,Hungary,Zala
1053,Iceland,Capital Region
1052,Iceland,Northeast
996,India,Andaman and Nicobar Islands
975,India,Andhra Pradesh
998,India,Arunachal Pradesh
986,India,Assam
978,India,Bihar
1002,India,Chandigarh
985,India,Chhattisgarh
994,India,Dadra and Nagar Haveli
1001,India,Daman and Diu
982,India,Goa
980,India,Gujarat
976,India,Haryana
984,India,Himachal Pradesh
993,India,Jharkhand
974,India,Karnataka
968,India,Kashmir
981,India,Kerala
979,India,Madhya Pradesh
973,India,Maharashtra
991,India,Manipur
988,India,Meghalaya
995,India,Mizoram
999,India,NCT
970,India,Nagaland
990,India,Odisha
997,India,Pondicherry
992,India,Punjab
977,India,Rajasthan
1000,India,Sikkim
969,India,Tamil Nadu
972,India,Telangana
987,India,Tripura
971,India,Uttar Pradesh
983,India,Uttarakhand
989,India,West Bengal
923,Indonesia,Aceh
930,Indonesia,Bali
937,Indonesia,Bangka–Belitung Islands
939,Indonesia,Banten
956,Indonesia,Bengkulu
925,Indonesia,Central Java
946,Indonesia,Central Kalimantan
948,Indonesia,Central Sulawesi
924,Indonesia,Daerah Istimewa Yogyakarta
926,Indonesia,East Java
947,Indonesia,East Kalimantan
929,Indonesia,East Nusa Tenggara
955,Indonesia,Gorontalo
954,Indonesia,Jakarta Raya
941,Indonesia,Jambi
934,Indonesia,Lampung
931,Indonesia,Maluku
933,Indonesia,Maluku Utara
942,Indonesia,N/A
935,Indonesia,North Kalimantan
932,Indonesia,North Sulawesi
922,Indonesia,North Sumatra
951,Indonesia,Papua
950,Indonesia,Riau
936,Indonesia,Riau Islands
952,Indonesia,South Kalimantan
928,Indonesia,South Sulawesi
938,Indonesia,South Sumatra
949,Indonesia,Sulawesi Barat
953,Indonesia,Sulawesi Tenggara
927,Indonesia,West Java
940,Indonesia,West Kalimantan
943,Indonesia,West Nusa Tenggara
944,Indonesia,West Papua
945,Indonesia,West Sumatra
1048,Iran,Alborz
1047,Iran,Ardabīl
1050,Iran,Bushehr
1040,Iran,Chahār Maḩāll va Bakhtīārī
1036,Iran,East Azerbaijan
1039,Iran,Fars
1028,Iran,Golestān
1033,Iran,Gīlān
1021,Iran,Hamadān
1045,Iran,Hormozgan
1041,Iran,Isfahan
1029,Iran,Kerman
1022,Iran,Kermānshāh
1046,Iran,Khorāsān-e Jonūbī
1038,Iran,Khorāsān-e Shomālī
1037,Iran,Khuzestan
1027,Iran,Kohgīlūyeh va Būyer Aḩmad
1043,Iran,Kordestān
1023,Iran,Lorestān
1042,Iran,Markazi
1032,Iran,Māzandarān
1034,Iran,Qazvīn
1044,Iran,Qom
1031,Iran,Razavi Khorasan
1024,Iran,Semnān
1051,Iran,Sistan and Baluchestan
1025,Iran,Tehrān
1030,Iran,Yazd
1026,Iran,Zanjan
1035,Iran,Āz̄ārbāyjān-e Gharbī
1049,Iran,Īlām
1016,Iraq,Al Muthanná
1017,Iraq,Al Qādisīyah
1019,Iraq,An Najaf
1009,Iraq,Anbar
1008,Iraq,Arbīl
1013,Iraq,As Sulaymānīyah
1011,Iraq,At Taʼmīm
1004,Iraq,Basra Governorate
1007,Iraq,Bābil
1003,Iraq,Dahūk
1018,Iraq,Dhi Qar
1010,Iraq,Diyālá
1012,Iraq,Karbalāʼ
1014,Iraq,Mayorality of Baghdad
1020,Iraq,Maysan
1006,Iraq,Nīnawá
1005,Iraq,Salah ad Din Governorate
1015,Iraq,Wāsiţ
959,Ireland,Connaught
957,Ireland,Leinster
958,Ireland,Munster
960,Ireland,Ulster
967,Isle of Man,Douglas
963,Israel,Central District
965,Israel,Haifa
961,Israel,Jerusalem
962,Israel,Northern District
966,Israel,Southern District
964,Israel,Tel Aviv
1066,Italy,Abruzzo
1073,Italy,Aosta Valley
1057,Italy,Apulia
1072,Italy,Basilicate
1055,Italy,Calabria
1062,Italy,Campania
1058,Italy,Emilia-Romagna
1067,Italy,Friuli Venezia Giulia
1061,Italy,Latium
1065,Italy,Liguria
1059,Italy,Lombardy
1071,Italy,Molise
1064,Italy,Piedmont
1056,Italy,Sardinia
1054,Italy,Sicily
1069,Italy,The Marches
1068,Italy,Trentino-Alto Adige
1063,Italy,Tuscany
1070,Italy,Umbria
1060,Italy,Veneto
389,Ivory Coast,Agnéby
375,Ivory Coast,Bafing
379,Ivory Coast,Bas-Sassandra
382,Ivory Coast,Denguélé
384,Ivory Coast,Dix-Huit Montagnes
381,Ivory Coast,Fromager
374,Ivory Coast,Haut-Sassandra
373,Ivory Coast,Lacs
377,Ivory Coast,Lagunes
372,Ivory Coast,Marahoué
388,Ivory Coast,Moyen-Comoé
387,Ivory Coast,Nʼzi-Comoé
376,Ivory Coast,Savanes
385,Ivory Coast,Sud-Bandama
386,Ivory Coast,Sud-Comoé
380,Ivory Coast,Vallée du Bandama
383,Ivory Coast,Worodougou
378,Ivory Coast,Zanzan
1079,Jamaica,Clarendon
1081,Jamaica,Kingston
1080,Jamaica,Manchester
1077,Jamaica,Saint Andrew
1075,Jamaica,Saint Catherine
1078,Jamaica,Saint James
1076,Jamaica,Westmoreland
1122,Japan,Aichi
1130,Japan,Akita
1140,Japan,Aomori
1131,Japan,Chiba
1135,Japan,Ehime
1124,Japan,Fukui
1099,Japan,Fukuoka
1136,Japan,Fukushima
1098,Japan,Gifu
1102,Japan,Gunma
1133,Japan,Hiroshima
1139,Japan,Hokkaido
1096,Japan,Hyōgo
1100,Japan,Ibaraki
1123,Japan,Ishikawa
1138,Japan,Iwate
1126,Japan,Kagawa
1132,Japan,Kagoshima
1095,Japan,Kanagawa
1134,Japan,Kochi
1108,Japan,Kumamoto
1107,Japan,Kyoto
1105,Japan,Mie
1137,Japan,Miyagi
1125,Japan,Miyazaki
1120,Japan,Nagano
1128,Japan,Nagasaki
1129,Japan,Nara
1103,Japan,Niigata
1116,Japan,Oita
1121,Japan,Okayama
1127,Japan,Okinawa
1117,Japan,Saga Prefecture
1101,Japan,Saitama
1106,Japan,Shiga Prefecture
1110,Japan,Shimane
1113,Japan,Shizuoka
1114,Japan,Tochigi
1115,Japan,Tokushima
1118,Japan,Tokyo
1104,Japan,Tottori
1109,Japan,Toyama
1094,Japan,Wakayama
1097,Japan,Yamagata
1112,Japan,Yamaguchi
1119,Japan,Yamanashi
1111,Japan,Ōsaka
1074,Jersey,St Helier
1091,Jordan,Ajlun
1082,Jordan,Amman
1093,Jordan,Aqaba
1090,Jordan,Balqa
1085,Jordan,Irbid
1086,Jordan,Jerash
1087,Jordan,Karak
1083,Jordan,Madaba
1092,Jordan,Mafraq
1084,Jordan,Ma’an
1089,Jordan,Tafielah
1088,Jordan,Zarqa
1260,Kazakhstan,Almaty Oblysy
1266,Kazakhstan,Almaty Qalasy
1263,Kazakhstan,Aqmola
1251,Kazakhstan,Aqtöbe
1265,Kazakhstan,Astana Qalasy
1252,Kazakhstan,Atyraū
1253,Kazakhstan,Batys Qazaqstan
1264,Kazakhstan,Bayqongyr Qalasy
1255,Kazakhstan,East Kazakhstan
1250,Kazakhstan,Mangghystaū
1259,Kazakhstan,Ongtüstik Qazaqstan
1262,Kazakhstan,Pavlodar
1254,Kazakhstan,Qaraghandy
1257,Kazakhstan,Qostanay
1256,Kazakhstan,Qyzylorda
1261,Kazakhstan,Soltüstik Qazaqstan
1258,Kazakhstan,Zhambyl
1172,Kenya,Baringo
1141,Kenya,Bungoma
1161,Kenya,Busia
1176,Kenya,Embu
1175,Kenya,Garissa
1174,Kenya,Homa Bay
1173,Kenya,Isiolo
1149,Kenya,Kakamega
1169,Kenya,Kericho
1167,Kenya,Kiambu
1158,Kenya,Kilifi
1168,Kenya,Kirinyaga
1166,Kenya,Kisii
1150,Kenya,Kisumu
1164,Kenya,Kitui
1147,Kenya,Laikipia
1163,Kenya,Lamu
1160,Kenya,Machakos
1159,Kenya,Makueni
1157,Kenya,Mandera
1151,Kenya,Marsabit
1154,Kenya,Meru
1153,Kenya,Migori
1152,Kenya,Mombasa
1170,Kenya,Murang'A
1144,Kenya,Nairobi Area
1145,Kenya,Nakuru
1148,Kenya,Narok
1179,Kenya,Nyandarua
1146,Kenya,Nyeri
1156,Kenya,Samburu
1178,Kenya,Siaya
1143,Kenya,Taita Taveta
1165,Kenya,Trans Nzoia
1162,Kenya,Turkana
1177,Kenya,Uasin Gishu
1155,Kenya,Vihiga
1142,Kenya,Wajir
1171,Kenya,West Pokot
1211,Kiribati,Gilbert Islands
2628,Kosovo,Ferizaj
2632,Kosovo,Gjakova
2627,Kosovo,Gjilan
2626,Kosovo,Mitrovica
2631,Kosovo,Pec
2630,Kosovo,Pristina
2629,Kosovo,Prizren
1246,Kuwait,Al Asimah
1245,Kuwait,Al Aḩmadī
1242,Kuwait,Al Farwaniyah
1247,Kuwait,Al Jahrāʼ
1248,Kuwait,Mubārak al Kabīr
1243,Kuwait,Muḩāfaz̧at Ḩawallī
1244,Kuwait,N/A
1180,Kyrgyzstan,Batken
1187,Kyrgyzstan,Bishkek
1182,Kyrgyzstan,Chüy
1183,Kyrgyzstan,Jalal-Abad
1186,Kyrgyzstan,Naryn
1185,Kyrgyzstan,Osh
1188,Kyrgyzstan,Osh City
1184,Kyrgyzstan,Talas
1181,Kyrgyzstan,Ysyk-Köl
1277,Laos,Bokeo Province
1274,Laos,Bolikhamsai Province
1270,Laos,Champasak
1268,Laos,Houaphan
1275,Laos,Khammouan
1276,Laos,Louangphabang
1271,Laos,Oudômxai
1269,Laos,Savannahkhét
1267,Laos,Vientiane
1272,Laos,Vientiane Province
1273,Laos,Xiangkhoang
1335,Latvia,Cēsu Rajons
1334,Latvia,Daugavpils municipality
1332,Latvia,Jelgava
1333,Latvia,Jēkabpils Municipality
1331,Latvia,Jūrmala
1325,Latvia,Liepāja
1330,Latvia,Ogre
1328,Latvia,Riga
1329,Latvia,Rēzekne
1327,Latvia,Salaspils
1326,Latvia,Tukuma Rajons
1323,Latvia,Valmieras Rajons
1324,Latvia,Ventspils
1284,Lebanon,Baalbek-Hermel
1281,Lebanon,Beyrouth
1278,Lebanon,Béqaa
1279,Lebanon,Liban-Nord
1280,Lebanon,Liban-Sud
1282,Lebanon,Mont-Liban
1283,Lebanon,Nabatîyé
1311,Lesotho,Butha-Buthe
1309,Lesotho,Leribe
1310,Lesotho,Mafeteng
1308,Lesotho,Maseru
1307,Lesotho,Mohaleʼs Hoek
1306,Lesotho,Qachaʼs Nek
1305,Lesotho,Quthing
1303,Liberia,Bong
1304,Liberia,Grand Bassa
1296,Liberia,Grand Gedeh
1298,Liberia,Lofa
1300,Liberia,Margibi
1301,Liberia,Maryland
1299,Liberia,Montserrado
1297,Liberia,Nimba
1302,Liberia,Sinoe
1342,Libya,Al Jabal al Akhḑar
1346,Libya,Al Jufrah
1340,Libya,Al Kufrah
1341,Libya,Al Marj
1347,Libya,Al Marqab
1343,Libya,An Nuqāţ al Khams
1355,Libya,Ash Shāţiʼ
1350,Libya,Az Zāwiyah
1337,Libya,Banghāzī
1338,Libya,Darnah
1344,Libya,Mişrātah
1353,Libya,Murzuq
1351,Libya,Sabhā
1354,Libya,Sha‘bīyat Ghāt
1352,Libya,Sha‘bīyat Nālūt
1356,Libya,Sha‘bīyat Wādī al Ḩayāt
1336,Libya,Sha‘bīyat al Buţnān
1345,Libya,Sha‘bīyat al Jabal al Gharbī
1339,Libya,Sha‘bīyat al Wāḩāt
1349,Libya,Surt
1348,Libya,Tripoli
1286,Liechtenstein,Vaduz
1321,Lithuania,Alytaus apskritis
1320,Lithuania,Kauno apskritis
1316,Lithuania,Klaipėdos apskritis
1319,Lithuania,Marijampolės apskritis
1318,Lithuania,Panevėžys
1315,Lithuania,Tauragės apskritis
1314,Lithuania,Telšių apskritis
1312,Lithuania,Utenos apskritis
1313,Lithuania,Vilnius County
1317,Lithuania,Šiaulių apskritis
1322,Luxembourg,Luxembourg
1498,Macao,Macau
1451,Macedonia,Bitola
1445,Macedonia,Bogovinje
1450,Macedonia,Brvenica
1453,Macedonia,Butel
1457,Macedonia,Centar Župa
1449,Macedonia,Debar
1448,Macedonia,Delčevo
1447,Macedonia,Gevgelija
1446,Macedonia,Gostivar
1455,Macedonia,Ilinden
1431,Macedonia,Karpoš
1444,Macedonia,Kavadarci
1456,Macedonia,Kisela Voda
1443,Macedonia,Kičevo
1442,Macedonia,Kočani
1441,Macedonia,Kriva Palanka
1440,Macedonia,Kumanovo
1438,Macedonia,Negotino
1436,Macedonia,Ohrid
1439,Macedonia,Opstina Lipkovo
1435,Macedonia,Prilep
1434,Macedonia,Radoviš
1433,Macedonia,Resen
1432,Macedonia,Saraj
1429,Macedonia,Struga
1428,Macedonia,Strumica
1427,Macedonia,Studeničani
1426,Macedonia,Tearce
1425,Macedonia,Tetovo
1424,Macedonia,Veles
1423,Macedonia,Vinica
1437,Macedonia,Vrapčište
1454,Macedonia,Čair
1430,Macedonia,Štip
1452,Macedonia,Šuto Orizari
1422,Macedonia,Želino
1414,Madagascar,Alaotra Mangoro
1418,Madagascar,Amoron'i Mania
1412,Madagascar,Analamanga
1401,Madagascar,Analanjirofo
1403,Madagascar,Androy
1406,Madagascar,Anosy
1405,Madagascar,Atsimo-Andrefana
1400,Madagascar,Atsimo-Atsinanana
1399,Madagascar,Atsinanana
1404,Madagascar,Betsiboka
1409,Madagascar,Boeny
1402,Madagascar,Bongolava
1420,Madagascar,Diana
1417,Madagascar,Ihorombe
1407,Madagascar,Itasy
1415,Madagascar,Melaky
1413,Madagascar,Menabe
1410,Madagascar,Sava
1419,Madagascar,Sofia
1416,Madagascar,Upper Matsiatra
1408,Madagascar,Vakinankaratra
1411,Madagascar,Vatovavy Fitovinany
1528,Malawi,Central Region
1526,Malawi,Northern Region
1527,Malawi,Southern Region
1563,Malaysia,Johor
1561,Malaysia,Kedah
1569,Malaysia,Kelantan
1573,Malaysia,Kuala Lumpur
1567,Malaysia,Labuan
1571,Malaysia,Melaka
1570,Malaysia,Negeri Sembilan
1562,Malaysia,Pahang
1572,Malaysia,Penang
1568,Malaysia,Perak
1575,Malaysia,Perlis
1576,Malaysia,Putrajaya
1566,Malaysia,Sabah
1574,Malaysia,Sarawak
1564,Malaysia,Selangor
1565,Malaysia,Terengganu
1525,Maldives,Kaafu Atoll
1465,Mali,Bamako
1464,Mali,Gao
1461,Mali,Kayes
1463,Mali,Koulikoro
1462,Mali,Mopti
1458,Mali,Sikasso
1460,Mali,Ségou
1459,Mali,Tombouctou
1517,Malta,Birkirkara
1514,Malta,Il-Belt Valletta
1516,Malta,Il-Mosta
1515,Malta,Qormi
1513,Malta,Ħaż-Żabbar
1421,Marshall Islands,Majuro Atoll
1500,Martinique,Martinique
1509,Mauritania,Adrar
1507,Mauritania,Assaba
1510,Mauritania,Brakna
1505,Mauritania,Dakhlet Nouadhibou
1508,Mauritania,Gorgol
1503,Mauritania,Guidimaka
1506,Mauritania,Hodh ech Chargui
1504,Mauritania,Nouakchott
1501,Mauritania,Tiris Zemmour
1502,Mauritania,Trarza
1524,Mauritius,Flacq
1522,Mauritius,Grand Port
1520,Mauritius,Moka
1519,Mauritius,Pamplemousses
1518,Mauritius,Plaines Wilhems
1521,Mauritius,Port Louis
1523,Mauritius,Rivière du Rempart
2650,Mayotte,Dzaoudzi
2651,Mayotte,Koungou
2649,Mayotte,Mamoudzou
1559,Mexico,Aguascalientes
1550,Mexico,Baja California
1558,Mexico,Baja California Sur
1546,Mexico,Campeche
1538,Mexico,Chiapas
1560,Mexico,Chihuahua
1554,Mexico,Coahuila
1555,Mexico,Colima
1557,Mexico,Durango
1553,Mexico,Guanajuato
1531,Mexico,Guerrero
1532,Mexico,Hidalgo
1549,Mexico,Jalisco
1535,Mexico,Mexico City
1551,Mexico,Michoacán
1534,Mexico,Morelos
1530,Mexico,México
1556,Mexico,Nayarit
1545,Mexico,Nuevo León
1542,Mexico,Oaxaca
1533,Mexico,Puebla
1540,Mexico,Querétaro
1544,Mexico,Quintana Roo
1541,Mexico,San Luis Potosí
1548,Mexico,Sinaloa
1547,Mexico,Sonora
1537,Mexico,Tabasco
1529,Mexico,Tamaulipas
1543,Mexico,Tlaxcala
1536,Mexico,Veracruz
1539,Mexico,Yucatán
1552,Mexico,Zacatecas
741,Micronesia,Pohnpei
1388,Moldova,Bender
1389,Moldova,Bălţi
1387,Moldova,Cahul
1386,Moldova,Chişinău
1381,Moldova,Căuşeni
1384,Moldova,Drochia
1382,Moldova,Floreşti
1385,Moldova,Găgăuzia
1380,Moldova,Hînceşti
1379,Moldova,Orhei
1373,Moldova,Raionul Edineţ
1378,Moldova,Raionul Soroca
1376,Moldova,Strășeni
1375,Moldova,Stînga Nistrului
1377,Moldova,Sîngerei
1383,Moldova,Teleneşti
1374,Moldova,Ungheni
1372,Monaco,
1482,Mongolia,Bayan-Ölgiy
1495,Mongolia,Bayanhongor
1494,Mongolia,Bulgan
1497,Mongolia,Central Aimak
1491,Mongolia,Darhan Uul
1480,Mongolia,Dzabkhan
1493,Mongolia,East Gobi Aymag
1484,Mongolia,Govĭ-Altay
1483,Mongolia,Hovd
1487,Mongolia,Hövsgöl
1488,Mongolia,Middle Govĭ
1490,Mongolia,Orhon
1486,Mongolia,Selenge
1496,Mongolia,Sühbaatar
1485,Mongolia,Ulaanbaatar
1481,Mongolia,Uvs
1492,Mongolia,Ömnögovĭ
1489,Mongolia,Övörhangay
1397,Montenegro,Bar
1396,Montenegro,Bijelo Polje
1395,Montenegro,Budva
1394,Montenegro,Cetinje
1393,Montenegro,Herceg Novi
1392,Montenegro,Opština Nikšić
1391,Montenegro,Pljevlja
1390,Montenegro,Podgorica
1511,Montserrat,Saint Anthony
1512,Montserrat,Saint Peter
1365,Morocco,Chaouia-Ouardigha
1359,Morocco,Doukkala-Abda
1366,Morocco,Fès-Boulemane
1364,Morocco,Gharb-Chrarda-Beni Hssen
1367,Morocco,Grand Casablanca
1363,Morocco,Guelmim-Es Smara
1369,Morocco,Marrakech-Tensift-Al Haouz
1368,Morocco,Meknès-Tafilalet
1357,Morocco,Oriental
1371,Morocco,Oued ed Dahab-Lagouira
1361,Morocco,Rabat-Salé-Zemmour-Zaër
1358,Morocco,Souss-Massa-Drâa
1370,Morocco,Tadla-Azilal
1362,Morocco,Tanger-Tétouan
1360,Morocco,Taza-Al Hoceima-Taounate
1582,Mozambique,Cabo Delgado
1577,Mozambique,Gaza
1584,Mozambique,Inhambane
1587,Mozambique,Manica
1580,Mozambique,Maputo
1585,Mozambique,Maputo City
1583,Mozambique,Nampula
1586,Mozambique,Niassa
1578,Mozambique,Sofala
1579,Mozambique,Tete
1581,Mozambique,Zambézia
1467,Myanmar,Ayeyarwady
1470,Myanmar,Bago
1479,Myanmar,Chin
1477,Myanmar,Kachin
1478,Myanmar,Kayah
1476,Myanmar,Kayin
1466,Myanmar,Magway
1468,Myanmar,Mandalay
1471,Myanmar,Mon
1474,Myanmar,Rakhine
1475,Myanmar,Sagain
1473,Myanmar,Shan
1472,Myanmar,Tanintharyi
1469,Myanmar,Yangon
1590,Namibia,Erongo
1592,Namibia,Hardap
1595,Namibia,Karas
1591,Namibia,Kavango East
1589,Namibia,Khomas
1596,Namibia,Omaheke
1594,Namibia,Oshana
1593,Namibia,Otjozondjupa
1588,Namibia,Zambezi
1693,Nauru,Yaren
1692,Nepal,Central Region
1691,Nepal,Eastern Region
1690,Nepal,Far Western
1689,Nepal,Mid Western
1688,Nepal,Western Region
1671,Netherlands,Drenthe
1665,Netherlands,Flevoland
1667,Netherlands,Friesland
1662,Netherlands,Gelderland
1668,Netherlands,Groningen
1669,Netherlands,Limburg
1663,Netherlands,North Brabant
1666,Netherlands,North Holland
1660,Netherlands,Overijssel
1661,Netherlands,South Holland
1664,Netherlands,Utrecht
1670,Netherlands,Zeeland
1597,New Caledonia,South Province
1699,New Zealand,Auckland
1706,New Zealand,Bay of Plenty
1697,New Zealand,Canterbury
1705,New Zealand,Gisborne
1702,New Zealand,Hawke's Bay
1696,New Zealand,Manawatu-Wanganui
1708,New Zealand,Marlborough
1701,New Zealand,Nelson
1707,New Zealand,Northland
1704,New Zealand,Otago
1703,New Zealand,Southland
1700,New Zealand,Taranaki
1698,New Zealand,Waikato
1695,New Zealand,Wellington
1647,Nicaragua,Atlántico Norte (RAAN)
1651,Nicaragua,Atlántico Sur
1659,Nicaragua,Boaco
1648,Nicaragua,Carazo
1646,Nicaragua,Chinandega
1656,Nicaragua,Chontales
1658,Nicaragua,Estelí
1653,Nicaragua,Granada
1657,Nicaragua,Jinotega
1654,Nicaragua,León
1645,Nicaragua,Madriz
1644,Nicaragua,Managua
1655,Nicaragua,Masaya
1650,Nicaragua,Matagalpa
1652,Nicaragua,Nueva Segovia
1649,Nicaragua,Rivas
1605,Niger,Agadez
1603,Niger,Diffa
1604,Niger,Dosso
1601,Niger,Maradi
1602,Niger,Niamey
1598,Niger,Tahoua
1600,Niger,Tillabéri
1599,Niger,Zinder
1618,Nigeria,Abia
1640,Nigeria,Abuja Federal Capital Territory
1610,Nigeria,Adamawa
1616,Nigeria,Akwa Ibom
1620,Nigeria,Anambra
1642,Nigeria,Bauchi
1611,Nigeria,Bayelsa
1623,Nigeria,Benue
1637,Nigeria,Borno
1619,Nigeria,Cross River
1614,Nigeria,Delta
1643,Nigeria,Ebonyi
1617,Nigeria,Edo
1635,Nigeria,Ekiti
1636,Nigeria,Enugu
1628,Nigeria,Gombe
1633,Nigeria,Imo
1641,Nigeria,Jigawa
1609,Nigeria,Kaduna
1613,Nigeria,Kano
1638,Nigeria,Katsina
1607,Nigeria,Kebbi
1634,Nigeria,Kogi
1629,Nigeria,Kwara
1639,Nigeria,Lagos
1615,Nigeria,Nassarawa
1608,Nigeria,Niger
1625,Nigeria,Ogun
1632,Nigeria,Ondo
1631,Nigeria,Osun
1624,Nigeria,Oyo
1630,Nigeria,Plateau
1627,Nigeria,Rivers
1621,Nigeria,Sokoto
1612,Nigeria,Taraba
1626,Nigeria,Yobe
1622,Nigeria,Zamfara
1694,Niue,N/A
1606,Norfolk Island,N/A
1225,North Korea,Chagang-do
1223,North Korea,Hamgyŏng-bukto
1220,North Korea,Hamgyŏng-namdo
1218,North Korea,Hwanghae-bukto
1215,North Korea,Hwanghae-namdo
1216,North Korea,Kangwŏn-do
1221,North Korea,P'yŏngan-bukto
1219,North Korea,P'yŏngan-namdo
1217,North Korea,Pyongyang
1222,North Korea,Rason
1224,North Korea,Yanggang-do
1499,Northern Mariana Islands,Saipan
1687,Norway,Aust-Agder
1684,Norway,Buskerud
1685,Norway,Hedmark
1686,Norway,Hordaland
1680,Norway,Møre og Romsdal
1675,Norway,Nord-Trøndelag
1681,Norway,Nordland
1682,Norway,Oppland
1679,Norway,Oslo
1676,Norway,Rogaland
1672,Norway,Sør-Trøndelag
1677,Norway,Telemark
1673,Norway,Troms
1683,Norway,Vest-Agder
1674,Norway,Vestfold
1678,Norway,Østfold
1710,Oman,Al Batinah North Governorate
1717,Oman,Al Batinah South Governorate
1718,Oman,Al Buraimi
1716,Oman,Ash Sharqiyah North Governorate
1709,Oman,Ash Sharqiyah South Governorate
1715,Oman,Az̧ Z̧āhirah
1714,Oman,Musandam
1713,Oman,Muḩāfaz̧at Masqaţ
1711,Oman,Muḩāfaz̧at ad Dākhilīyah
1712,Oman,Z̧ufār
1783,Pakistan,Azad Kashmir
1784,Pakistan,Balochistān
1787,Pakistan,Islāmābād
1785,Pakistan,Khyber Pakhtunkhwa
1786,Pakistan,Punjab
1782,Pakistan,Sindh
1848,Palau,Melekeok
1826,Palestinian Territory,Gaza Strip
1827,Palestinian Territory,West Bank
1724,Panama,Bocas del Toro
1721,Panama,Chiriquí
1725,Panama,Coclé
1722,Panama,Colón
1723,Panama,Herrera
1719,Panama,Panamá
1720,Panama,Veraguas
1764,Papua New Guinea,Bougainville
1760,Papua New Guinea,East New Britain
1753,Papua New Guinea,East Sepik
1762,Papua New Guinea,Eastern Highlands
1758,Papua New Guinea,Madang
1759,Papua New Guinea,Morobe
1754,Papua New Guinea,National Capital
1755,Papua New Guinea,Northern Province
1757,Papua New Guinea,Southern Highlands
1761,Papua New Guinea,West New Britain
1756,Papua New Guinea,Western Highlands
1763,Papua New Guinea,Western Province
1853,Paraguay,Alto Paraná
1855,Paraguay,Amambay
1861,Paraguay,Asunción
1857,Paraguay,Caaguazú
1859,Paraguay,Caazapá
1851,Paraguay,Central
1858,Paraguay,Concepción
1860,Paraguay,Cordillera
1849,Paraguay,Guairá
1856,Paraguay,Itapúa
1852,Paraguay,Misiones
1850,Paraguay,Presidente Hayes
1854,Paraguay,Ñeembucú
1734,Peru,Amazonas
1736,Peru,Ancash
1751,Peru,Apurímac
1745,Peru,Arequipa
1747,Peru,Ayacucho
1735,Peru,Cajamarca
1750,Peru,Callao
1742,Peru,Cusco
1748,Peru,Huancavelica
1730,Peru,Huanuco
1743,Peru,Ica
1738,Peru,Junín
1727,Peru,La Libertad
1732,Peru,Lambayeque
1746,Peru,Lima Province
1741,Peru,Lima region
1726,Peru,Loreto
1739,Peru,Madre de Dios
1744,Peru,Moquegua
1749,Peru,Pasco
1731,Peru,Piura
1737,Peru,Puno
1728,Peru,San Martín
1740,Peru,Tacna
1729,Peru,Tumbes
1733,Peru,Ucayali
1766,Philippines,Autonomous Region in Muslim Mindanao
1767,Philippines,Bicol
1774,Philippines,Cagayan Valley
1770,Philippines,Calabarzon
1771,Philippines,Caraga
1776,Philippines,Central Luzon
1775,Philippines,Central Visayas
1780,Philippines,Cordillera
1773,Philippines,Davao
1778,Philippines,Eastern Visayas
1768,Philippines,Ilocos
1777,Philippines,Metro Manila
1781,Philippines,Mimaropa
1772,Philippines,Northern Mindanao
1779,Philippines,Soccsksargen
1769,Philippines,Western Visayas
1765,Philippines,Zamboanga Peninsula
1805,Pitcairn,N/A
1797,Poland,Greater Poland Voivodeship
1800,Poland,Kujawsko-Pomorskie
1791,Poland,Lesser Poland Voivodeship
1798,Poland,Lower Silesian Voivodeship
1789,Poland,Lublin Voivodeship
1799,Poland,Lubusz
1788,Poland,Masovian Voivodeship
1803,Poland,Opole Voivodeship
1790,Poland,Podlasie
1801,Poland,Pomeranian Voivodeship
1796,Poland,Silesian Voivodeship
1793,Poland,Subcarpathian Voivodeship
1794,Poland,Warmian-Masurian Voivodeship
1802,Poland,West Pomeranian Voivodeship
1792,Poland,Łódź Voivodeship
1795,Poland,Świętokrzyskie
1843,Portugal,Aveiro
1847,Portugal,Azores
1837,Portugal,Beja
1844,Portugal,Braga
1846,Portugal,Bragança
1836,Portugal,Castelo Branco
1845,Portugal,Coimbra
1831,Portugal,Faro
1842,Portugal,Guarda
1833,Portugal,Leiria
1828,Portugal,Lisbon
1834,Portugal,Madeira
1832,Portugal,Portalegre
1840,Portugal,Porto
1829,Portugal,Santarém
1830,Portugal,Setúbal
1841,Portugal,Viana do Castelo
1839,Portugal,Vila Real
1838,Portugal,Viseu
1835,Portugal,Évora
1806,Puerto Rico,Aguadilla
1807,Puerto Rico,Arecibo
1808,Puerto Rico,Barceloneta
1809,Puerto Rico,Bayamón
1810,Puerto Rico,Caguas
1812,Puerto Rico,Carolina
1813,Puerto Rico,Catano
1814,Puerto Rico,Cayey
1815,Puerto Rico,Fajardo
1816,Puerto Rico,Guayama
1817,Puerto Rico,Guaynabo
1818,Puerto Rico,Humacao
1819,Puerto Rico,Manati
1820,Puerto Rico,Mayaguez
1821,Puerto Rico,Ponce
1822,Puerto Rico,San Juan
1811,Puerto Rico,Toa Baja
1823,Puerto Rico,Trujillo Alto
1824,Puerto Rico,Vega Baja
1825,Puerto Rico,Yauco
1865,Qatar,Al Khawr
1864,Qatar,Al Wakrah
1862,Qatar,Baladīyat Umm Şalāl
1866,Qatar,Baladīyat ad Dawḩah
1863,Qatar,Baladīyat ar Rayyān
349,Republic of the Congo,Bouenza
352,Republic of the Congo,Brazzaville
346,Republic of the Congo,Cuvette
350,Republic of the Congo,Likouala
344,Republic of the Congo,Lékoumou
348,Republic of the Congo,Niari
351,Republic of the Congo,Plateaux
345,Republic of the Congo,Pointe-Noire
347,Republic of the Congo,Sangha
1868,Reunion,N/A
1867,Reunion,Réunion
1889,Romania,Alba
1910,Romania,Arad
1896,Romania,Argeş
1900,Romania,Bacău
1891,Romania,Bihor
1909,Romania,Bistriţa-Năsăud
1906,Romania,Botoşani
1870,Romania,Braşov
1908,Romania,Brăila
1907,Romania,Bucureşti
1893,Romania,Buzău
1894,Romania,Caraş-Severin
1878,Romania,Cluj
1899,Romania,Constanța
1881,Romania,Covasna
1897,Romania,Călăraşi
1904,Romania,Dolj
1884,Romania,Dâmboviţa
1886,Romania,Galaţi
1902,Romania,Giurgiu
1883,Romania,Gorj
1898,Romania,Harghita
1872,Romania,Hunedoara
1877,Romania,Ialomiţa
1901,Romania,Iaşi
1873,Romania,Ilfov
1874,Romania,Maramureş
1905,Romania,Mehedinţi
1880,Romania,Mureş
1882,Romania,Neamţ
1887,Romania,Olt
1895,Romania,Prahova
1890,Romania,Satu Mare
1888,Romania,Sibiu
1875,Romania,Suceava
1871,Romania,Sălaj
1869,Romania,Teleorman
1885,Romania,Timiş
1879,Romania,Tulcea
1876,Romania,Vaslui
1903,Romania,Vrancea
1892,Romania,Vâlcea
1944,Russia,Adygeya
1972,Russia,Altai Krai
1983,Russia,Altai Republic
1985,Russia,Amur
1943,Russia,Arkhangelskaya
1969,Russia,Astrakhan
1942,Russia,Bashkortostan
1954,Russia,Belgorod
1920,Russia,Brjansk
1956,Russia,Chechnya
1919,Russia,Chelyabinsk
1963,Russia,Chuvashia
1968,Russia,Dagestan
1959,Russia,Ingushetiya
1978,Russia,Irkutsk
1951,Russia,Ivanovo
1940,Russia,Jaroslavl
1991,Russia,Jewish Autonomous Oblast
1958,Russia,Kabardino-Balkariya
1960,Russia,Kaliningrad
1970,Russia,Kalmykiya
1961,Russia,Kaluga
1992,Russia,Kamtsjatka
1927,Russia,Karachayevo-Cherkesiya
1973,Russia,Kemerovo
1987,Russia,Khabarovsk Krai
1982,Russia,Khakasiya
1975,Russia,Khanty-Mansiyskiy Avtonomnyy Okrug
1941,Russia,Kirov
1935,Russia,Komi Republic
1949,Russia,Kostroma
1933,Russia,Krasnodarskiy
1974,Russia,Krasnoyarskiy
1981,Russia,Kurgan
1925,Russia,Kursk
1945,Russia,Leningrad
1936,Russia,Lipetsk
1918,Russia,MO
1994,Russia,Magadan
1932,Russia,Mariy-El
1965,Russia,Mordoviya
1916,Russia,Moscow
1930,Russia,Murmansk
1967,Russia,Nenetskiy Avtonomnyy Okrug
1928,Russia,Nizjnij Novgorod
1950,Russia,North Ossetia
1955,Russia,Novgorod
1977,Russia,Novosibirsk
1980,Russia,Omsk
1938,Russia,Orenburg
1966,Russia,Orjol
1929,Russia,Penza
1952,Russia,Perm
1988,Russia,Primorskiy
1953,Russia,Pskov
1962,Russia,Republic of Karelia
1989,Russia,Respublika Buryatiya
1915,Russia,Rjazan
1917,Russia,Rostov
1986,Russia,Sakha
1993,Russia,Sakhalin
1922,Russia,Samara
1934,Russia,Saratov
1939,Russia,Smolensk
1914,Russia,St.-Petersburg
1924,Russia,Stavropol'skiy
1964,Russia,Sverdlovsk
1923,Russia,Tambov
1926,Russia,Tatarstan
1971,Russia,Tjumen
1976,Russia,Tomsk
1990,Russia,Transbaikal Territory
1937,Russia,Tula
1913,Russia,Tverskaya
1984,Russia,Tyva
1946,Russia,Udmurtiya
1957,Russia,Ulyanovsk
1931,Russia,Vladimir
1921,Russia,Volgograd
1948,Russia,Vologda
1947,Russia,Voronezj
1979,Russia,Yamalo-Nenetskiy Avtonomnyy Okrug
1995,Rwanda,Eastern Province
1998,Rwanda,Kigali
1996,Rwanda,Northern Province
1997,Rwanda,Southern Province
1999,Rwanda,Western Province
241,Saint Barthelemy,N/A
2054,Saint Helena,Saint Helena
1214,Saint Kitts and Nevis,Saint George Basseterre
1285,Saint Lucia,Castries Quarter
1398,Saint Martin,N/A
1804,Saint Pierre and Miquelon,Saint-Pierre
2534,Saint Vincent and the Grenadines,Saint George
2625,Samoa,Tuamasaga
2077,San Marino,San Marino
2120,Sao Tome and Principe,São Tomé Island
2005,Saudi Arabia,Al Jawf
2000,Saudi Arabia,Al Madīnah al Munawwarah
2010,Saudi Arabia,Al-Qassim
2011,Saudi Arabia,Ar Riyāḑ
2004,Saudi Arabia,Eastern Province
2006,Saudi Arabia,Jizan
2003,Saudi Arabia,Makkah
2001,Saudi Arabia,Minţaqat Tabūk
2012,Saudi Arabia,Minţaqat al Bāḩah
2007,Saudi Arabia,Minţaqat ‘Asīr
2008,Saudi Arabia,Najrān
2002,Saudi Arabia,Northern Borders
2009,Saudi Arabia,Ḩāʼil
2086,Senegal,Dakar
2080,Senegal,Diourbel
2085,Senegal,Fatick
2091,Senegal,Kaffrine
2087,Senegal,Kaolack
2079,Senegal,Kolda
2090,Senegal,Kédougou
2088,Senegal,Louga
2089,Senegal,Matam
2084,Senegal,Saint-Louis
2083,Senegal,Sédhiou
2082,Senegal,Tambacounda
2081,Senegal,Thiès
2078,Senegal,Ziguinchor
1912,Serbia,Central Serbia
1911,Serbia,Vojvodina
2014,Seychelles,English River
2074,Sierra Leone,Eastern Province
2075,Sierra Leone,Northern Province
2076,Sierra Leone,Southern Province
2073,Sierra Leone,Western Area
2053,Singapore,Central Singapore
2135,Sint Maarten,N/A
2067,Slovakia,Banskobystrický
2072,Slovakia,Bratislavský
2066,Slovakia,Košický
2068,Slovakia,Nitriansky
2065,Slovakia,Prešovský
2071,Slovakia,Trenčiansky
2070,Slovakia,Trnavský
2069,Slovakia,Žilinský
2063,Slovenia,Celje
2062,Slovenia,Koper-Capodistria
2061,Slovenia,Kranj
2060,Slovenia,Ljubljana
2059,Slovenia,Maribor
2058,Slovenia,Novo Mesto
2057,Slovenia,Ptuj
2055,Slovenia,Trbovlje
2056,Slovenia,Velenje
2013,Solomon Islands,Guadalcanal
2108,Somalia,Awdal
2094,Somalia,Banaadir
2093,Somalia,Bari
2104,Somalia,Bay
2103,Somalia,Galguduud
2095,Somalia,Gedo
2105,Somalia,Hiiraan
2096,Somalia,Lower Juba
2092,Somalia,Lower Shabeelle
2097,Somalia,Middle Juba
2098,Somalia,Middle Shabele
2101,Somalia,Mudug
2100,Somalia,Nugaal
2102,Somalia,Sanaag
2107,Somalia,Sool
2106,Somalia,Togdheer
2099,Somalia,Woqooyi Galbeed
2659,South Africa,Eastern Cape
2652,South Africa,Gauteng
2658,South Africa,KwaZulu-Natal
2657,South Africa,Limpopo
2654,South Africa,Mpumalanga
2653,South Africa,North-West
2656,South Africa,Northern Cape
2655,South Africa,Orange Free State
2660,South Africa,Western Cape
821,South Georgia and the South Sandwich Islands,N/A
1238,South Korea,Busan
1229,South Korea,Chungcheongbuk-do
1231,South Korea,Chungcheongnam-do
1236,South Korea,Daegu
1235,South Korea,Daejeon
1227,South Korea,Gangwon-do
1239,South Korea,Gwangju
1230,South Korea,Gyeonggi-do
1226,South Korea,Gyeongsangbuk-do
1232,South Korea,Gyeongsangnam-do
1240,South Korea,Incheon
1241,South Korea,Jeju-do
1233,South Korea,Jeollabuk-do
1228,South Korea,Jeollanam-do
1237,South Korea,Seoul
1234,South Korea,Ulsan
2111,South Sudan,Central Equatoria
2115,South Sudan,Eastern Equatoria
2119,South Sudan,Jonglei
2117,South Sudan,Lakes
2114,South Sudan,Northern Bahr al Ghazal
2118,South Sudan,Upper Nile
2116,South Sudan,Warrap
2113,South Sudan,Western Bahr al Ghazal
2112,South Sudan,Western Equatoria
689,Spain,Andalusia
698,Spain,Aragon
705,Spain,Asturias
695,Spain,Balearic Islands
697,Spain,Basque Country
694,Spain,Canary Islands
704,Spain,Cantabria
699,Spain,Castille and León
693,Spain,Castille-La Mancha
702,Spain,Catalonia
707,Spain,Ceuta
690,Spain,Extremadura
700,Spain,Galicia
706,Spain,La Rioja
701,Spain,Madrid
696,Spain,Melilla
691,Spain,Murcia
703,Spain,Navarre
692,Spain,Valencia
1293,Sri Lanka,Central
1290,Sri Lanka,Eastern Province
1295,Sri Lanka,North Central
1292,Sri Lanka,North Western
1289,Sri Lanka,Northern Province
1291,Sri Lanka,Sabaragamuwa
1288,Sri Lanka,Southern
1294,Sri Lanka,Uva
1287,Sri Lanka,Western
2016,Sudan,Al Jazīrah
2026,Sudan,Al Qaḑārif
2027,Sudan,Blue Nile
2015,Sudan,Central Darfur
2031,Sudan,Eastern Darfur
2024,Sudan,Kassala
2018,Sudan,Khartoum
2030,Sudan,Northern Darfur
2023,Sudan,Northern State
2019,Sudan,Red Sea
2022,Sudan,River Nile
2017,Sudan,Shamāl Kurdufān
2021,Sudan,Sinnār
2025,Sudan,Southern Kordofan
2028,Sudan,West Kordofan State
2029,Sudan,Western Darfur
2020,Sudan,White Nile
2109,Suriname,Paramaribo
2110,Suriname,Wanica
2064,Svalbard and Jan Mayen,Svalbard
2150,Swaziland,Hhohho
2151,Swaziland,Manzini
2051,Sweden,Blekinge
2052,Sweden,Dalarna
2035,Sweden,Gotland
2045,Sweden,Gävleborg
2040,Sweden,Halland
2046,Sweden,Jämtland
2039,Sweden,Jönköping
2037,Sweden,Kalmar
2036,Sweden,Kronoberg
2033,Sweden,Norrbotten
2034,Sweden,Skåne
2042,Sweden,Stockholm
2048,Sweden,Södermanland
2043,Sweden,Uppsala
2050,Sweden,Värmland
2032,Sweden,Västerbotten
2044,Sweden,Västernorrland
2038,Sweden,Västmanland
2041,Sweden,Västra Götaland
2047,Sweden,Örebro
2049,Sweden,Östergötland
357,Switzerland,Aargau
368,Switzerland,Appenzell Ausserrhoden
371,Switzerland,Basel-City
364,Switzerland,Basel-Landschaft
359,Switzerland,Bern
369,Switzerland,Fribourg
358,Switzerland,Geneva
370,Switzerland,Grisons
365,Switzerland,Lucerne
363,Switzerland,Neuchâtel
356,Switzerland,Saint Gallen
361,Switzerland,Schaffhausen
362,Switzerland,Solothurn
367,Switzerland,Thurgau
366,Switzerland,Ticino
360,Switzerland,Valais
355,Switzerland,Vaud
354,Switzerland,Zug
353,Switzerland,Zurich
2146,Syria,Al-Hasakah
2139,Syria,Aleppo
2147,Syria,Ar-Raqqah
2148,Syria,As-Suwayda
2141,Syria,Daraa
2142,Syria,Deir ez-Zor
2145,Syria,Dimashq
2137,Syria,Hama
2140,Syria,Homs
2143,Syria,Idlib
2144,Syria,Latakia
2149,Syria,Quneitra
2136,Syria,Rif-dimashq
2138,Syria,Tartus
2388,Taiwan,Fukien
2387,Taiwan,Kaohsiung
2386,Taiwan,Taipei
2385,Taiwan,Taiwan
2254,Tajikistan,Dushanbe
2253,Tajikistan,Gorno-Badakhshan
2250,Tajikistan,Khatlon
2252,Tajikistan,Republican Subordination
2251,Tajikistan,Viloyati Sughd
2397,Tanzania,Arusha
2413,Tanzania,Dar es Salaam
2411,Tanzania,Dodoma
2393,Tanzania,Geita
2414,Tanzania,Iringa
2407,Tanzania,Kagera
2395,Tanzania,Katavi
2394,Tanzania,Kigoma
2406,Tanzania,Kilimanjaro
2415,Tanzania,Lindi
2410,Tanzania,Manyara
2400,Tanzania,Mara
2391,Tanzania,Mbeya
2409,Tanzania,Morogoro
2417,Tanzania,Mtwara
2396,Tanzania,Mwanza
2408,Tanzania,Njombe
2390,Tanzania,Pemba North
2416,Tanzania,Pemba South
2392,Tanzania,Pwani
2402,Tanzania,Rukwa
2412,Tanzania,Ruvuma
2399,Tanzania,Shinyanga
2403,Tanzania,Simiyu
2405,Tanzania,Singida
2398,Tanzania,Tabora
2401,Tanzania,Tanga
2404,Tanzania,Zanzibar Central/South
2389,Tanzania,Zanzibar Urban/West
2249,Thailand,Amnat Charoen
2205,Thailand,Ang Thong
2246,Thailand,Bangkok
2231,Thailand,Buriram
2237,Thailand,Chachoengsao
2248,Thailand,Chai Nat
2233,Thailand,Chaiyaphum
2222,Thailand,Changwat Bueng Kan
2201,Thailand,Changwat Nong Bua Lamphu
2207,Thailand,Changwat Ubon Ratchathani
2197,Thailand,Changwat Udon Thani
2214,Thailand,Chanthaburi
2186,Thailand,Chiang Mai
2191,Thailand,Chiang Rai
2220,Thailand,Chon Buri
2193,Thailand,Chumphon
2196,Thailand,Kalasin
2195,Thailand,Kamphaeng Phet
2182,Thailand,Kanchanaburi
2247,Thailand,Khon Kaen
2194,Thailand,Krabi
2180,Thailand,Lampang
2190,Thailand,Lamphun
2208,Thailand,Loei
2245,Thailand,Lop Buri
2244,Thailand,Maha Sarakham
2243,Thailand,Mukdahan
2242,Thailand,Nakhon Nayok
2228,Thailand,Nakhon Pathom
2241,Thailand,Nakhon Phanom
2199,Thailand,Nakhon Ratchasima
2192,Thailand,Nakhon Sawan
2179,Thailand,Nakhon Si Thammarat
2240,Thailand,Nan
2216,Thailand,Narathiwat
2215,Thailand,Nong Khai
2239,Thailand,Nonthaburi
2238,Thailand,Pathum Thani
2203,Thailand,Pattani
2236,Thailand,Phatthalung
2189,Thailand,Phayao
2206,Thailand,Phetchabun
2177,Thailand,Phetchaburi
2213,Thailand,Phichit
2235,Thailand,Phitsanulok
2209,Thailand,Phra Nakhon Si Ayutthaya
2234,Thailand,Phrae
2175,Thailand,Phuket
2232,Thailand,Prachin Buri
2176,Thailand,Prachuap Khiri Khan
2188,Thailand,Ranong
2187,Thailand,Ratchaburi
2230,Thailand,Rayong
2229,Thailand,Roi Et
2210,Thailand,Sa Kaeo
2223,Thailand,Sakon Nakhon
2200,Thailand,Samut Prakan
2227,Thailand,Samut Sakhon
2226,Thailand,Samut Songkhram
2225,Thailand,Sara Buri
2224,Thailand,Satun
2221,Thailand,Sing Buri
2219,Thailand,Sisaket
2198,Thailand,Songkhla
2185,Thailand,Sukhothai
2218,Thailand,Suphan Buri
2184,Thailand,Surat Thani
2217,Thailand,Surin
2183,Thailand,Tak
2178,Thailand,Trang
2212,Thailand,Trat
2181,Thailand,Uthai Thani
2211,Thailand,Uttaradit
2204,Thailand,Yala
2202,Thailand,Yasothon
2171,Togo,Centrale
2173,Togo,Kara
2170,Togo,Maritime
2172,Togo,Plateaux
2174,Togo,Savanes
2292,Tonga,Tongatapu
2383,Trinidad and Tobago,Borough of Arima
2382,Trinidad and Tobago,Chaguanas
2379,Trinidad and Tobago,City of Port of Spain
2377,Trinidad and Tobago,City of San Fernando
2378,Trinidad and Tobago,Mayaro
2380,Trinidad and Tobago,Point Fortin
2381,Trinidad and Tobago,San Juan/Laventille
2376,Trinidad and Tobago,Sangre Grande
2375,Trinidad and Tobago,Tobago
2374,Trinidad and Tobago,Tunapuna/Piarco
2280,Tunisia,Al Mahdīyah
2278,Tunisia,Al Munastīr
2291,Tunisia,Al Qayrawān
2272,Tunisia,Al Qaşrayn
2282,Tunisia,Ariana
2286,Tunisia,Banzart
2290,Tunisia,Bin ‘Arūs
2288,Tunisia,Bājah
2283,Tunisia,Gafsa
2289,Tunisia,Jundūbah
2274,Tunisia,Kef
2285,Tunisia,Madanīn
2287,Tunisia,Manouba
2273,Tunisia,Nābul
2281,Tunisia,Qibilī
2284,Tunisia,Qābis
2276,Tunisia,Silyānah
2277,Tunisia,Sīdī Bū Zayd
2275,Tunisia,Sūsah
2271,Tunisia,Tataouine
2270,Tunisia,Tawzar
2269,Tunisia,Tūnis
2268,Tunisia,Zaghwān
2279,Tunisia,Şafāqis
2334,Turkey,Adana
2339,Turkey,Adıyaman
2323,Turkey,Afyonkarahisar
2328,Turkey,Aksaray
2358,Turkey,Amasya
2321,Turkey,Ankara
2310,Turkey,Antalya
2373,Turkey,Ardahan
2367,Turkey,Artvin
2297,Turkey,Aydın
2325,Turkey,Ağrı
2314,Turkey,Balıkesir
2372,Turkey,Bartın
2333,Turkey,Batman
2371,Turkey,Bayburt
2344,Turkey,Bilecik
2315,Turkey,Bingöl
2312,Turkey,Bitlis
2368,Turkey,Bolu
2343,Turkey,Burdur
2349,Turkey,Bursa
2322,Turkey,Denizli
2318,Turkey,Diyarbakır
2369,Turkey,Düzce
2353,Turkey,Edirne
2335,Turkey,Elazığ
2304,Turkey,Erzincan
2326,Turkey,Erzurum
2342,Turkey,Eskişehir
2329,Turkey,Gaziantep
2356,Turkey,Giresun
2366,Turkey,Gümüşhane
2293,Turkey,Hakkâri
2296,Turkey,Hatay
2299,Turkey,Isparta
2347,Turkey,Istanbul
2340,Turkey,Iğdır
2324,Turkey,Kahramanmaraş
2363,Turkey,Karabük
2338,Turkey,Karaman
2361,Turkey,Kars
2355,Turkey,Kastamonu
2300,Turkey,Kayseri
2337,Turkey,Kilis
2350,Turkey,Kocaeli
2320,Turkey,Konya
2311,Turkey,Kütahya
2365,Turkey,Kırklareli
2336,Turkey,Kırıkkale
2331,Turkey,Kırşehir
2332,Turkey,Malatya
2308,Turkey,Manisa
2295,Turkey,Mardin
2313,Turkey,Mersin
2298,Turkey,Muğla
2302,Turkey,Muş
2307,Turkey,Nevşehir
2330,Turkey,Niğde
2354,Turkey,Ordu
2327,Turkey,Osmaniye
2364,Turkey,Rize
2362,Turkey,Sakarya
2352,Turkey,Samsun
2319,Turkey,Siirt
2360,Turkey,Sinop
2316,Turkey,Sivas
2357,Turkey,Tekirdağ
2346,Turkey,Tokat
2348,Turkey,Trabzon
2309,Turkey,Tunceli
2305,Turkey,Uşak
2303,Turkey,Van
2351,Turkey,Yalova
2294,Turkey,Yozgat
2345,Turkey,Zonguldak
2341,Turkey,Çanakkale Province
2370,Turkey,Çankırı
2359,Turkey,Çorum
2306,Turkey,İzmir
2301,Turkey,Şanlıurfa
2317,Turkey,Şırnak
2264,Turkmenistan,Ahal
2263,Turkmenistan,Balkan
2265,Turkmenistan,Daşoguz
2267,Turkmenistan,Lebap
2266,Turkmenistan,Mary
2152,Turks and Caicos Islands,N/A
2384,Tuvalu,Funafuti
2561,U.S. Virgin Islands,Saint Croix Island
2560,U.S. Virgin Islands,Saint Thomas Island
2446,Uganda,Central Region
2447,Uganda,Eastern Region
2445,Uganda,Northern Region
2448,Uganda,Western Region
2421,Ukraine,Cherkasy
2440,Ukraine,Chernihiv
2444,Ukraine,Chernivtsi
2430,Ukraine,Crimea
2427,Ukraine,Dnipropetrovsk
2419,Ukraine,Donetsk
2442,Ukraine,Ivano-Frankivsk
2424,Ukraine,Kharkiv
2435,Ukraine,Kherson
2438,Ukraine,Khmelnytskyi
2431,Ukraine,Kiev
2423,Ukraine,Kirovohrad
2443,Ukraine,Kyiv City
2437,Ukraine,Luhansk
2422,Ukraine,Lviv
2439,Ukraine,Misto Sevastopol’
2433,Ukraine,Mykolaiv
2429,Ukraine,Odessa
2441,Ukraine,Poltava
2428,Ukraine,Rivne
2418,Ukraine,Sumy
2436,Ukraine,Ternopil
2426,Ukraine,Vinnyts'ka
2434,Ukraine,Volyn
2432,Ukraine,Zakarpattia
2420,Ukraine,Zaporizhia
2425,Ukraine,Zhytomyr
7,United Arab Emirates,Abu Dhabi
8,United Arab Emirates,Ajman
6,United Arab Emirates,Al Fujayrah
4,United Arab Emirates,Ash Shāriqah
5,United Arab Emirates,Dubai
3,United Arab Emirates,Raʼs al Khaymah
2,United Arab Emirates,Umm al Qaywayn
764,United Kingdom,England
767,United Kingdom,Northern Ireland
766,United Kingdom,Scotland
765,United Kingdom,Wales
2450,United States,Alabama
2493,United States,Alaska
2488,United States,Arizona
2452,United States,Arkansas
2487,United States,California
2489,United States,Colorado
2472,United States,Connecticut
2454,United States,Delaware
2455,United States,Florida
2456,United States,Georgia
2499,United States,Hawaii
2494,United States,Idaho
2457,United States,Illinois
2458,United States,Indiana
2473,United States,Iowa
2459,United States,Kansas
2451,United States,Kentucky
2460,United States,Louisiana
2475,United States,Maine
2461,United States,Maryland
2474,United States,Massachusetts
2476,United States,Michigan
2477,United States,Minnesota
2463,United States,Mississippi
2462,United States,Missouri
2495,United States,Montana
2479,United States,Nebraska
2491,United States,Nevada
2480,United States,New Hampshire
2465,United States,New Jersey
2490,United States,New Mexico
2481,United States,New York
2464,United States,North Carolina
2478,United States,North Dakota
2466,United States,Ohio
2467,United States,Oklahoma
2496,United States,Oregon
2468,United States,Pennsylvania
2482,United States,Rhode Island
2469,United States,South Carolina
2483,United States,South Dakota
2470,United States,Tennessee
2471,United States,Texas
2492,United States,Utah
2484,United States,Vermont
2449,United States,Virginia
2497,United States,Washington
2453,United States,"Washington, D.C."
2486,United States,West Virginia
2485,United States,Wisconsin
2498,United States,Wyoming
2518,Uruguay,Artigas
2504,Uruguay,Canelones
2514,Uruguay,Cerro Largo
2517,Uruguay,Colonia
2516,Uruguay,Durazno
2501,Uruguay,Flores
2515,Uruguay,Florida
2512,Uruguay,Lavalleja
2506,Uruguay,Maldonado
2511,Uruguay,Montevideo
2510,Uruguay,Paysandú
2509,Uruguay,Rivera
2508,Uruguay,Rocha
2500,Uruguay,Río Negro
2507,Uruguay,Salto
2505,Uruguay,San José
2513,Uruguay,Soriano
2503,Uruguay,Tacuarembó
2502,Uruguay,Treinta y Tres
2532,Uzbekistan,Andijon
2524,Uzbekistan,Bukhara
2526,Uzbekistan,Fergana
2520,Uzbekistan,Jizzax
2519,Uzbekistan,Karakalpakstan
2529,Uzbekistan,Namangan
2528,Uzbekistan,Navoiy
2523,Uzbekistan,Qashqadaryo
2521,Uzbekistan,Samarqand
2527,Uzbekistan,Sirdaryo
2522,Uzbekistan,Surxondaryo
2525,Uzbekistan,Toshkent
2531,Uzbekistan,Toshkent Shahri
2530,Uzbekistan,Xorazm
2623,Vanuatu,Shefa
2533,Vatican,N/A
2552,Venezuela,Amazonas
2536,Venezuela,Anzoátegui
2558,Venezuela,Apure
2540,Venezuela,Aragua
2537,Venezuela,Barinas
2544,Venezuela,Bolívar
2556,Venezuela,Capital
2543,Venezuela,Carabobo
2546,Venezuela,Cojedes
2545,Venezuela,Delta Amacuro
2551,Venezuela,Falcón
2538,Venezuela,Guárico
2550,Venezuela,Lara
2548,Venezuela,Miranda
2557,Venezuela,Monagas
2553,Venezuela,Mérida
2535,Venezuela,Nueva Esparta
2541,Venezuela,Portuguesa
2555,Venezuela,Sucre
2542,Venezuela,Trujillo
2547,Venezuela,Táchira
2554,Venezuela,Vargas
2539,Venezuela,Yaracuy
2549,Venezuela,Zulia
2597,Vietnam,An Giang
2564,Vietnam,Bà Rịa-Vũng Tàu
2573,Vietnam,Bình Dương
2607,Vietnam,Bình Phước
2591,Vietnam,Bình Thuận
2587,Vietnam,Bình Định
2620,Vietnam,Bạc Liêu
2621,Vietnam,Bắc Giang
2622,Vietnam,Bắc Kạn
2619,Vietnam,Bắc Ninh
2618,Vietnam,Bến Tre
2613,Vietnam,Cao Bằng
2615,Vietnam,Cà Mau
2614,Vietnam,Cần Thơ
2589,Vietnam,Gia Lai
2581,Vietnam,Ha Nội
2565,Vietnam,Hau Giang
2574,Vietnam,Ho Chi Minh City
2606,Vietnam,Hà Giang
2590,Vietnam,Hà Nam
2603,Vietnam,Hà Tĩnh
2602,Vietnam,Hòa Bình
2600,Vietnam,Hưng Yên
2605,Vietnam,Hải Dương
2604,Vietnam,Hải Phòng
2594,Vietnam,Khánh Hòa
2586,Vietnam,Kiến Giang
2599,Vietnam,Kon Tum
2579,Vietnam,Long An
2584,Vietnam,Lào Cai
2612,Vietnam,Lâm Đồng
2598,Vietnam,Lạng Sơn
2595,Vietnam,Nam Định
2562,Vietnam,Nghệ An
2593,Vietnam,Ninh Bình
2592,Vietnam,Ninh Thuận
2568,Vietnam,Phú Thọ
2570,Vietnam,Phú Yên
2608,Vietnam,Quảng Bình
2580,Vietnam,Quảng Nam
2588,Vietnam,Quảng Ngãi
2569,Vietnam,Quảng Ninh
2609,Vietnam,Quảng Trị
2583,Vietnam,Sóc Trăng
2582,Vietnam,Sơn La
2575,Vietnam,Thanh Hóa
2577,Vietnam,Thái Bình
2576,Vietnam,Thái Nguyên
2601,Vietnam,Thừa Thiên-Huế
2596,Vietnam,Tiền Giang
2572,Vietnam,Trà Vinh
2571,Vietnam,Tuyên Quang
2578,Vietnam,Tây Ninh
2610,Vietnam,Tỉnh Ðiện Biên
2567,Vietnam,Vĩnh Long
2566,Vietnam,Vĩnh Phúc
2563,Vietnam,Yên Bái
2616,Vietnam,Ðắc Lắk
2611,Vietnam,Đà Nẵng
2617,Vietnam,Đồng Nai
2585,Vietnam,Đồng Tháp
2624,Wallis and Futuna,Circonscription d'Uvéa
682,Western Sahara,Oued Ed-Dahab-Lagouira
2633,Yemen,Abyan
2648,Yemen,Aden
2647,Yemen,Al Bayḑāʼ
2646,Yemen,Al Jawf
2642,Yemen,Dhamār
2635,Yemen,Ibb
2640,Yemen,Laḩij
2639,Yemen,Ma’rib
2634,Yemen,Muḩāfaz̧at al Ḩudaydah
2645,Yemen,Muḩāfaz̧at Ḩaḑramawt
2644,Yemen,Omran
2637,Yemen,Sanaa
2643,Yemen,Shabwah
2636,Yemen,Ta‘izz
2638,Yemen,Şa‘dah
2641,Yemen,Ḩajjah
2667,Zambia,Central
2666,Zambia,Copperbelt
2665,Zambia,Eastern
2661,Zambia,Luapula
2668,Zambia,Lusaka
2669,Zambia,North-Western
2662,Zambia,Northern
2663,Zambia,Southern
2664,Zambia,Western
2677,Zimbabwe,Bulawayo
2676,Zimbabwe,Harare
2673,Zimbabwe,Manicaland
2678,Zimbabwe,Mashonaland Central
2675,Zimbabwe,Mashonaland East
2674,Zimbabwe,Mashonaland West
2670,Zimbabwe,Masvingo
2671,Zimbabwe,Matabeleland North
2679,Zimbabwe,Matabeleland South
2672,Zimbabwe,Midlands
